7717.377930,7718.568848,7717.377930,9495.648438,26695.484375,7717.377930,7718.568848,15656.264648,17242.175781,7718.568848,7717.377930,9495.648438,26695.484375,7717.377930,7718.568848,7717.377930
7718.568848,7717.377930,7718.568848,13755.283203,20220.296875,7718.568848,7717.377930,11417.852539,23797.080078,7717.377930,7718.568848,13755.283203,20220.296875,7718.568848,7717.377930,7718.568848
7717.377930,7718.568848,7717.377930,13330.495117,20862.718750,7717.377930,7718.568848,11844.743164,23162.460938,7718.568848,7717.377930,13330.495117,20862.718750,7717.377930,7718.568848,7717.377930
8877.765625,11801.442383,11607.541992,11254.258789,30684.808594,10245.750977,10440.558594,20174.263672,18837.060547,11801.442383,11607.541992,11254.258789,30684.808594,10245.750977,10440.558594,12963.137695
25775.816406,21297.005859,21590.328125,32190.683594,27333.478516,23702.431641,23414.625000,20863.978516,41866.367188,21297.005859,21590.328125,32190.683594,27333.478516,23702.431641,23414.625000,19439.505859
7717.377930,7718.568848,7717.377930,11417.852539,23797.080078,7717.377930,7718.568848,13755.283203,20220.296875,7718.568848,7717.377930,11417.852539,23797.080078,7717.377930,7718.568848,7717.377930
7718.568848,7717.377930,7718.568848,11844.743164,23162.460938,7718.568848,7717.377930,13330.495117,20862.718750,7717.377930,7718.568848,11844.743164,23162.460938,7718.568848,7717.377930,7718.568848
13156.128906,10245.750977,10440.558594,20174.263672,18837.060547,11801.442383,11607.541992,11254.258789,30684.808594,10245.750977,10440.558594,20174.263672,18837.060547,11801.442383,11607.541992,9073.480469
19140.666016,23702.431641,23414.625000,20863.978516,41866.367188,21297.005859,21590.328125,32190.683594,27333.478516,23702.431641,23414.625000,20863.978516,41866.367188,21297.005859,21590.328125,25493.519531
7718.568848,7717.377930,7718.568848,13755.283203,20220.296875,7718.568848,7717.377930,11417.852539,23797.080078,7717.377930,7718.568848,13755.283203,20220.296875,7718.568848,7717.377930,7718.568848
7717.377930,7718.568848,7717.377930,13330.495117,20862.718750,7717.377930,7718.568848,11844.743164,23162.460938,7718.568848,7717.377930,13330.495117,20862.718750,7717.377930,7718.568848,7717.377930
7718.568848,7717.377930,7718.568848,9924.637695,26068.675781,7718.568848,7717.377930,15233.573242,17892.396484,7717.377930,7718.568848,9924.637695,26068.675781,7718.568848,7717.377930,7718.568848
