44.7358,44.7409,44.7409,44.0713,44.4010,44.7408,44.7408,43.8334,44.1611,44.7409,44.7409,44.0713,44.4010,44.7408,44.7408,44.7397
44.7382,44.7413,44.7412,43.9153,44.2608,44.7412,44.7413,43.9855,44.3531,44.7413,44.7412,43.9153,44.2608,44.7412,44.7413,44.7387
44.7386,44.7412,44.7413,43.9021,44.2897,44.7413,44.7412,43.9991,44.3306,44.7412,44.7413,43.9021,44.2897,44.7413,44.7412,44.7389
43.8422,43.7546,43.7551,43.3250,43.9588,43.7990,43.7983,42.9599,43.5936,43.7546,43.7551,43.3250,43.9588,43.7990,43.7983,43.7124
44.4463,44.3812,44.3978,44.0476,43.9573,44.4259,44.4126,43.8811,44.3457,44.3812,44.3978,44.0476,43.9573,44.4259,44.4126,44.3573
44.7375,44.7412,44.7413,43.9855,44.3531,44.7413,44.7412,43.9153,44.2608,44.7412,44.7413,43.9855,44.3531,44.7413,44.7412,44.7395
44.7371,44.7413,44.7412,43.9991,44.3306,44.7412,44.7413,43.9021,44.2897,44.7413,44.7412,43.9991,44.3306,44.7412,44.7413,44.7393
43.7114,43.7990,43.7983,42.9599,43.5936,43.7546,43.7551,43.3250,43.9588,43.7990,43.7983,42.9599,43.5936,43.7546,43.7551,43.8426
44.3345,44.4259,44.4126,43.8811,44.3457,44.3812,44.3978,44.0476,43.9573,44.4259,44.4126,43.8811,44.3457,44.3812,44.3978,44.4356
44.7382,44.7413,44.7412,43.9153,44.2608,44.7412,44.7413,43.9855,44.3531,44.7413,44.7412,43.9153,44.2608,44.7412,44.7413,44.7387
44.7386,44.7412,44.7413,43.9021,44.2897,44.7413,44.7412,43.9991,44.3306,44.7412,44.7413,43.9021,44.2897,44.7413,44.7412,44.7389
44.7252,44.7356,44.7353,44.0767,44.3808,44.7328,44.7331,43.8165,44.1941,44.7356,44.7353,44.0767,44.3808,44.7328,44.7331,44.7364
